x,y,y-predict,residuals
2,2,3.141,-1.141
7,6,8.931,-2.931
5,10,6.615,3.385
10,8,12.405,-4.405
9,15,11.247,3.753
12,14,14.721,-0.721
13,20,15.879,4.121
14,15,17.037,-2.037
19,1,22.827,-21.827
,,,
,,stdev,7.454235949
,,2*stdev,14.9084719
