x,y,y-predict,residual,
2,2,8.248,-6.248,
7,6,9.393,-3.393,
5,10,8.935,1.065,
10,8,10.08,-2.08,
9,15,9.851,5.149,
12,14,10.538,3.462,
13,20,10.767,9.233,
14,15,10.996,4.004,
19,1,12.141,-11.141,
,,,,
,,,5.962010474,11.92402095
